No,Sektor,Isim,Rol,Sirket,Ulke,Yanit Olasiligi,LinkedIn,Sirket Web,Kaynak
1,Banking,Abdullah bin Sulaiman Al Rajhi,Chairman,Al Rajhi Bank,Suudi Arabistan,Orta (başkan),https://www.linkedin.com/search/results/people/?keywords=Abdullah%20Al%20Rajhi%20Al%20Rajhi%20Bank,https://www.alrajhibank.com.sa,https://www.alrajhibank.com.sa/en/About-alrajhi-bank/Board-Members
2,Banking,Waleed Abdullah Al-Mogbel,Managing Director and CEO,Al Rajhi Bank,Suudi Arabistan,Yüksek (profesyonel),https://www.linkedin.com/search/results/people/?keywords=Waleed%20Al-Mogbel%20Al%20Rajhi%20Bank,https://www.alrajhibank.com.sa,https://www.alrajhibank.com.sa/en/About-alrajhi-bank/Executive-Management
3,Banking,Abdulrahman Abdullah Al-Fadda,CFO,Al Rajhi Bank,Suudi Arabistan,Yüksek (profesyonel),https://www.linkedin.com/search/results/people/?keywords=Abdulrahman%20Al-Fadda%20Al%20Rajhi%20Bank,https://www.alrajhibank.com.sa,https://www.alrajhibank.com.sa/en/About-alrajhi-bank/Executive-Management
4,Banking,Saeed Mohammed Al-Ghamdi,Chairman,Saudi National Bank (SNB),Suudi Arabistan,Orta (başkan),https://www.linkedin.com/search/results/people/?keywords=Saeed%20Al-Ghamdi%20Saudi%20National%20Bank,https://www.alahli.com,https://en.wikipedia.org/wiki/Saudi_National_Bank
5,Banking,Tareq Abdulrahman Al Sadhan,CEO,Saudi National Bank (SNB),Suudi Arabistan,Yüksek (profesyonel),https://www.linkedin.com/search/results/people/?keywords=Tareq%20Al%20Sadhan%20Saudi%20National%20Bank,https://www.alahli.com,https://www.alahli.com/en/news/resignation-of-the-acting-ceo-and-appointment-of-the-ceo
6,Banking,Ahmad Ali Al Dhabi,Group CFO,Saudi National Bank (SNB),Suudi Arabistan,Yüksek (profesyonel),https://www.linkedin.com/search/results/people/?keywords=Ahmad%20Al%20Dhabi%20Saudi%20National%20Bank,https://www.alahli.com,https://en.wikipedia.org/wiki/Saudi_National_Bank
7,Banking,Abdullah Mohammed Al-Issa,Chairman,Riyad Bank,Suudi Arabistan,Orta (başkan),https://www.linkedin.com/search/results/people/?keywords=Abdullah%20Al-Issa%20Riyad%20Bank,https://www.riyadbank.com,https://www.riyadbank.com/personal-banking/about-us/board-of-directors
8,Banking,Nadir Sami Al-Koraya,CEO,Riyad Bank,Suudi Arabistan,Yüksek (profesyonel),https://www.linkedin.com/search/results/people/?keywords=Nadir%20Al-Koraya%20Riyad%20Bank,https://www.riyadbank.com,https://www.riyadbank.com/personal-banking/about-us/executive-management
9,Banking,Abdullah Ali Al-Oraini,CFO,Riyad Bank,Suudi Arabistan,Yüksek (profesyonel),https://www.linkedin.com/search/results/people/?keywords=Abdullah%20Al-Oraini%20Riyad%20Bank,https://www.riyadbank.com,https://www.riyadbank.com/personal-banking/about-us/executive-management
10,Banking,Abdulmalek bin Abdullah Al-Hogail,Chairman,Alinma Bank,Suudi Arabistan,Orta (başkan),https://www.linkedin.com/search/results/people/?keywords=Abdulmalek%20Al-Hogail%20Alinma%20Bank,https://www.alinma.com,https://ir.alinma.com/en/investor-relations/about-us/corporate-governance/board-of-directors/
11,Banking,Abdullah Ali Al Khalifa,Managing Director and CEO,Alinma Bank,Suudi Arabistan,Yüksek (profesyonel),https://www.linkedin.com/search/results/people/?keywords=Abdullah%20Al%20Khalifa%20Alinma%20Bank,https://www.alinma.com,https://www.alinma.com/en/About-the-Bank/The-Bank/News/2025/6/Board-of-Directors-and-CEO
12,Banking,Adel Saleh Abalkhail,CFO,Alinma Bank,Suudi Arabistan,Yüksek (profesyonel),https://www.linkedin.com/search/results/people/?keywords=Adel%20Abalkhail%20Alinma%20Bank,https://www.alinma.com,https://ir.alinma.com/en/investor-relations/about-us/corporate-governance/executive-management/
13,Banking,Lubna Suliman Al Olayan,Chair of the Board,Saudi Awwal Bank (SABB),Suudi Arabistan,Orta (başkan),https://www.linkedin.com/search/results/people/?keywords=Lubna%20Al%20Olayan%20Saudi%20Awwal%20Bank,https://www.sab.com,https://www.sab.com/en/about-us/about-us/board-of-directors/
14,Banking,Tony Cripps,Managing Director and CEO,Saudi Awwal Bank (SABB),Suudi Arabistan,Yüksek (profesyonel),https://www.linkedin.com/search/results/people/?keywords=Tony%20Cripps%20Saudi%20Awwal%20Bank,https://www.sab.com,https://www.sab.com/en/about-us/about-us/executive-top-management/
15,Banking,Lama Ghazzaoui,CFO,Saudi Awwal Bank (SABB),Suudi Arabistan,Yüksek (profesyonel),https://www.linkedin.com/search/results/people/?keywords=Lama%20Ghazzaoui%20Saudi%20Awwal%20Bank,https://www.sab.com,https://www.sab.com/en/about-us/about-us/executive-top-management/
16,Banking,Mazin Abdulrazzak AlRomaih,Chairman,Banque Saudi Fransi,Suudi Arabistan,Orta (başkan),https://www.linkedin.com/search/results/people/?keywords=Mazin%20AlRomaih%20Banque%20Saudi%20Fransi,https://bsf.sa,https://bsf.sa/english/the-bank/boardofdirectors
17,Banking,Bader Hamad Al-Salloom,CEO,Banque Saudi Fransi,Suudi Arabistan,Yüksek (profesyonel),https://www.linkedin.com/search/results/people/?keywords=Bader%20Al-Salloom%20Banque%20Saudi%20Fransi,https://bsf.sa,https://bsf.sa/english/the-bank/managament-team
18,Banking,Ramzy Darwish,CFO,Banque Saudi Fransi,Suudi Arabistan,Yüksek (profesyonel),https://www.linkedin.com/search/results/people/?keywords=Ramzy%20Darwish%20Banque%20Saudi%20Fransi,https://bsf.sa,https://bsf.sa/english/the-bank/managament-team
19,Banking,Obaid Abdullah Al-Rasheed,CEO and Managing Director,Arab National Bank,Suudi Arabistan,Yüksek (profesyonel),https://www.linkedin.com/search/results/people/?keywords=Obaid%20Al-Rasheed%20Arab%20National%20Bank,https://anb.com.sa,https://anb.com.sa/web/anb/executive-management
20,Banking,Saad Al-Dugaish,CFO,Arab National Bank,Suudi Arabistan,Yüksek (profesyonel),https://www.linkedin.com/search/results/people/?keywords=Saad%20Al-Dugaish%20Arab%20National%20Bank,https://anb.com.sa,https://anb.com.sa/web/anb/executive-management
21,Banking,Nasser bin Mohammed Al-Subaie,Chairman,Bank Albilad,Suudi Arabistan,Orta (başkan),https://www.linkedin.com/search/results/people/?keywords=Nasser%20Al-Subaie%20Bank%20Albilad,https://www.bankalbilad.com.sa,https://www.bankalbilad.com.sa/en/about/Pages/board-of-directors.aspx
22,Banking,Bashaar Yahya Al Qunaibit,CEO,Bank Albilad,Suudi Arabistan,Yüksek (profesyonel),https://www.linkedin.com/search/results/people/?keywords=Bashaar%20Al%20Qunaibit%20Bank%20Albilad,https://www.bankalbilad.com.sa,https://www.bankalbilad.com.sa/en/about/pages/executive-management.aspx
23,Banking,Mishal Fahad Alshorihy,EVP Finance (CFO),Bank Albilad,Suudi Arabistan,Yüksek (profesyonel),https://www.linkedin.com/search/results/people/?keywords=Mishal%20Alshorihy%20Bank%20Albilad,https://www.bankalbilad.com.sa,https://www.bankalbilad.com.sa/en/about/pages/executive-management.aspx
24,Health Insurance,Loay Hisham Nazer,Chairman,Bupa Arabia,Suudi Arabistan,Orta (başkan),https://www.linkedin.com/search/results/people/?keywords=Loay%20Nazer%20Bupa%20Arabia,https://www.bupa.com.sa,https://www.nazer.com/leadership
25,Health Insurance,Tal Hisham Nazer,CEO and Managing Director,Bupa Arabia,Suudi Arabistan,Yüksek (profesyonel),https://www.linkedin.com/search/results/people/?keywords=Tal%20Nazer%20Bupa%20Arabia,https://www.bupa.com.sa,https://www.nazer.com/leadership_info/2
26,Health Insurance,Nader Ashoor,Deputy CEO and CFO,Bupa Arabia,Suudi Arabistan,Yüksek (profesyonel),https://www.linkedin.com/search/results/people/?keywords=Nader%20Ashoor%20Bupa%20Arabia,https://www.bupa.com.sa,https://annualreport.plus/bupa2022/en/annual-report/governance_and_risk_management_report/our_chief_executive_team.html
27,Financial Markets,Mazen Abdulrazzaq Al Romaih,Chairman,Saudi Tadawul Group,Suudi Arabistan,Orta (başkan),https://www.linkedin.com/search/results/people/?keywords=Mazen%20Al%20Romaih%20Saudi%20Tadawul%20Group,https://www.tadawulgroup.sa,https://www.zawya.com/en/capital-markets/equities/saudi-tadawul-group-names-chairman-vice-chairman-j8k2xvme
28,Financial Markets,Khalid Abdullah Al-Hussan,Group CEO,Saudi Tadawul Group,Suudi Arabistan,Yüksek (profesyonel),https://www.linkedin.com/search/results/people/?keywords=Khalid%20Al-Hussan%20Saudi%20Tadawul%20Group,https://www.tadawulgroup.sa,https://www.tadawulgroup.sa/wps/portal/tadawulgroup/aboutus/team
29,Financial Markets,Shahrukh Qureshi,CFO,Saudi Tadawul Group,Suudi Arabistan,Yüksek (profesyonel),https://www.linkedin.com/search/results/people/?keywords=Shahrukh%20Qureshi%20Saudi%20Tadawul%20Group,https://www.tadawulgroup.sa,https://www.tadawulgroup.sa/wps/portal/tadawulgroup/aboutus/team
30,Energy / Oil & Gas,Yasir Al-Rumayyan,Chairman,Saudi Aramco,Suudi Arabistan,Orta (başkan),https://www.linkedin.com/search/results/people/?keywords=Yasir%20Al-Rumayyan%20Saudi%20Aramco,https://www.aramco.com,https://www.aramco.com/en/about-us/our-leadership/board-of-directors
31,Energy / Oil & Gas,Amin H. Nasser,President & CEO,Saudi Aramco,Suudi Arabistan,Yüksek (profesyonel),https://www.linkedin.com/search/results/people/?keywords=Amin%20Nasser%20Saudi%20Aramco,https://www.aramco.com,https://www.aramco.com/en/about-us/our-leadership
32,Energy / Oil & Gas,Ziad T. Al-Murshed,EVP & CFO,Saudi Aramco,Suudi Arabistan,Yüksek (profesyonel),https://www.linkedin.com/search/results/people/?keywords=Ziad%20Al-Murshed%20Saudi%20Aramco,https://www.aramco.com,https://www.aramco.com/en/about-us/our-leadership/ziad-al-murshed
33,Petrochemicals,Khalid Al-Dabbagh,Chairman,SABIC,Suudi Arabistan,Orta (başkan),https://www.linkedin.com/search/results/people/?keywords=Khalid%20Al-Dabbagh%20SABIC,https://www.sabic.com,https://www.sabic.com/en/about/corporate-profile/board-of-directors-and-executive-management
34,Petrochemicals,Abdulrahman Al-Fageeh,CEO,SABIC,Suudi Arabistan,Yüksek (profesyonel),https://www.linkedin.com/search/results/people/?keywords=Abdulrahman%20Al-Fageeh%20SABIC,https://www.sabic.com,https://www.sabic.com/en/about/corporate-profile/board-of-directors-executive-management/abdulrahman-al-fageeh
35,Petrochemicals,Tim Stonesifer,CFO,SABIC,Suudi Arabistan,Yüksek (profesyonel),https://www.linkedin.com/search/results/people/?keywords=Tim%20Stonesifer%20SABIC,https://www.sabic.com,https://www.sabic.com/en/about/corporate-profile/board-of-directors-and-executive-management
36,Mining & Metals,Bob Wilt,CEO,Ma'aden,Suudi Arabistan,Yüksek (profesyonel),https://www.linkedin.com/search/results/people/?keywords=Bob%20Wilt%20Maaden,https://www.maaden.com,https://www.maaden.com/discover-us/leadership
37,Mining & Metals,Gilberto Antoniazzi,EVP & CFO,Ma'aden,Suudi Arabistan,Yüksek (profesyonel),https://www.linkedin.com/search/results/people/?keywords=Gilberto%20Antoniazzi%20Maaden,https://www.maaden.com,https://www.maaden.com/discover-us/leadership
38,Utilities,Najm bin Abdullah Al-Zaid,Chairman,Saudi Electricity Company,Suudi Arabistan,Orta (başkan),https://www.linkedin.com/search/results/people/?keywords=Najm%20Al-Zaid%20Saudi%20Electricity,https://www.se.com.sa,https://www.se.com.sa/en/Whoweare/Column3/About-Company/Board-of-Directors/
39,Utilities,Khalid bin Salem AlGhamdi,CEO,Saudi Electricity Company,Suudi Arabistan,Yüksek (profesyonel),https://www.linkedin.com/search/results/people/?keywords=Khalid%20AlGhamdi%20Saudi%20Electricity,https://www.se.com.sa,https://www.se.com.sa/en/Whoweare/Column3/About-Company/Executive-Management/
40,Utilities,Abdulaziz AlMuhaiza,EVP & CFO,Saudi Electricity Company,Suudi Arabistan,Yüksek (profesyonel),https://www.linkedin.com/search/results/people/?keywords=Abdulaziz%20AlMuhaiza%20Saudi%20Electricity,https://www.se.com.sa,https://www.se.com.sa/en/Whoweare/Column3/About-Company/Executive-Management/
41,Utilities,Mohammad Abunayyan,Chairman,ACWA Power,Suudi Arabistan,Orta (başkan),https://www.linkedin.com/search/results/people/?keywords=Mohammad%20Abunayyan%20ACWA%20Power,https://acwapower.com,https://acwapower.com/en/about-us/management-team/
42,Utilities,Samir J. Serhan,CEO,ACWA Power,Suudi Arabistan,Yüksek (profesyonel),https://www.linkedin.com/search/results/people/?keywords=Samir%20Serhan%20ACWA%20Power,https://acwapower.com,https://acwapower.com/en/media-center/latest-news/acwa-board-of-directors-names-dr-samir-j-serhan-chief-executive-officer/
43,Utilities,Abdulhameed Al-Muhaidib,CFO,ACWA Power,Suudi Arabistan,Yüksek (profesyonel),https://www.linkedin.com/search/results/people/?keywords=Abdulhameed%20Al-Muhaidib%20ACWA%20Power,https://acwapower.com,https://acwapower.com/en/about-us/management-team/
44,Refining & Petrochemicals,Ibrahim Q. Al-Buainain,Chairman,Petro Rabigh,Suudi Arabistan,Orta (başkan),https://www.linkedin.com/search/results/people/?keywords=Ibrahim%20Al-Buainain%20Petro%20Rabigh,https://www.petrorabigh.com,https://www.arabnews.com/node/1962981/business-economy
45,Refining & Petrochemicals,Othman Ali Al-Ghamdi,President & CEO,Petro Rabigh,Suudi Arabistan,Yüksek (profesyonel),https://www.linkedin.com/search/results/people/?keywords=Othman%20Al-Ghamdi%20Petro%20Rabigh,https://www.petrorabigh.com,https://www.petrorabigh.com
46,Petrochemicals,Faisal Suwailem,Chairman,Yansab,Suudi Arabistan,Orta (başkan),https://www.linkedin.com/search/results/people/?keywords=Faisal%20Suwailem%20Yansab,https://www.yansab.com.sa,https://www.yansab.com.sa/en/our-company/board-of-directors
47,Petrochemicals,Wazen Al-Solami,President & CEO,Yansab,Suudi Arabistan,Yüksek (profesyonel),https://www.linkedin.com/search/results/people/?keywords=Wazen%20Al-Solami%20Yansab,https://www.yansab.com.sa,https://www.yansab.com.sa/en/our-company/board-of-directors
48,Petrochemicals,Abdullah AlGarni,Chairman,Saudi Kayan,Suudi Arabistan,Orta (başkan),https://www.linkedin.com/search/results/people/?keywords=Abdullah%20AlGarni%20Saudi%20Kayan,https://www.saudikayan.com,https://www.saudikayan.com/en/our-company/executive-team
49,Petrochemicals,Sameeh bin Sulaiman Al-Sahafi,President & CEO,Saudi Kayan,Suudi Arabistan,Yüksek (profesyonel),https://www.linkedin.com/search/results/people/?keywords=Sameeh%20Al-Sahafi%20Saudi%20Kayan,https://www.saudikayan.com,https://www.saudikayan.com/en/our-company/executive-team
50,Petrochemicals,Khalifa A. Al-Mulhem,Chairman,Advanced Petrochemical,Suudi Arabistan,Orta (başkan),https://www.linkedin.com/search/results/people/?keywords=Khalifa%20Al-Mulhem%20Advanced%20Petrochemical,https://advancedpetrochem.com,https://advancedpetrochem.com/about/
51,Petrochemicals,Mamdouh H. Al-Amri,President & CEO,Advanced Petrochemical,Suudi Arabistan,Yüksek (profesyonel),https://www.linkedin.com/search/results/people/?keywords=Mamdouh%20Al-Amri%20Advanced%20Petrochemical,https://advancedpetrochem.com,https://advancedpetrochem.com/about/
52,Fertilizers,Fahad M. Al-Battar,CEO,SABIC Agri-Nutrients,Suudi Arabistan,Yüksek (profesyonel),https://www.linkedin.com/search/results/people/?keywords=Fahad%20Al-Battar%20SABIC%20Agri-Nutrients,https://www.sabic-agrinutrients.com,https://www.argaam.com/en/article/articledetail/id/1712745
53,Telecom,HRH Prince Mohammed bin Khalid Al-Faisal,Chairman,stc (Saudi Telecom),Suudi Arabistan,Düşük (royal/sahip),https://www.linkedin.com/search/results/people/?keywords=Mohammed%20Al-Faisal%20stc,https://www.stc.com,https://www.stc.com/content/stcgroupwebsite/sa/en/investors/governance/board-of-directors.html
54,Telecom,Olayan bin Mohammed Alwetaid,Group CEO,stc (Saudi Telecom),Suudi Arabistan,Yüksek (profesyonel),https://sa.linkedin.com/in/olayan-alwetaid-2a4a163,https://www.stc.com,https://www.stc.com/content/stcgroupwebsite/sa/en/who-we-are/board-of-directors-and-executive-management.html
55,Telecom,Ameen Fahad Alshiddi,Group CFO,stc (Saudi Telecom),Suudi Arabistan,Yüksek (profesyonel),https://www.linkedin.com/search/results/people/?keywords=Ameen%20Alshiddi%20stc,https://www.stc.com,https://www.stc.com/content/stcgroupwebsite/sa/en/who-we-are/board-of-directors-and-executive-management.html
56,Telecom,Suliman Abdulaziz Al Gwaiz,Chairman,Mobily (Etihad Etisalat),Suudi Arabistan,Orta (başkan),https://www.linkedin.com/search/results/people/?keywords=Suliman%20Al%20Gwaiz%20Mobily,https://www.mobily.com.sa,https://www.mobily.com.sa/en/about-us/board-members
57,Telecom,Nezar Banabeela,CEO,Mobily (Etihad Etisalat),Suudi Arabistan,Yüksek (profesyonel),https://www.linkedin.com/search/results/people/?keywords=Nezar%20Banabeela%20Mobily,https://www.mobily.com.sa,https://www.tadawulgroup.sa
58,Telecom,Abdullah bin Fahad Al-Fares,Chairman,Zain KSA,Suudi Arabistan,Orta (başkan),https://www.linkedin.com/search/results/people/?keywords=Abdullah%20Al-Fares%20Zain%20KSA,https://sa.zain.com,https://sa.zain.com/en/investors/leadership-team
59,Telecom,Saad bin Abdulrahman AlSadhan,CEO,Zain KSA,Suudi Arabistan,Yüksek (profesyonel),https://www.linkedin.com/search/results/people/?keywords=Saad%20AlSadhan%20Zain%20KSA,https://sa.zain.com,https://sa.zain.com/en/all-news/zain-ksa-appoints-eng-saad-bin-abdulrahman-alsadhan-chief-executive-officer
60,Food & Beverage,Fawaz Aljasser,CEO,Almarai,Suudi Arabistan,Yüksek (profesyonel),https://www.linkedin.com/search/results/people/?keywords=Fawaz%20Aljasser%20Almarai,https://www.almarai.com,https://www.almarai.com/en/corporate/about-almarai/senior-management
61,Food & Beverage,Danko Maras,CFO,Almarai,Suudi Arabistan,Yüksek (profesyonel),https://www.linkedin.com/search/results/people/?keywords=Danko%20Maras%20Almarai,https://www.almarai.com,https://annualreport.almarai.com/governance/executive-management/
62,Food & Beverage,Sameh Mahmoud Hassan,Group CEO,Savola Group,Suudi Arabistan,Yüksek (profesyonel),https://www.linkedin.com/search/results/people/?keywords=Sameh%20Hassan%20Savola,https://www.savola.com,https://www.savola.com/en/about-us/leadership-team
63,Food & Beverage,Wajid Usman Khan,CFO,Savola Group,Suudi Arabistan,Yüksek (profesyonel),https://www.linkedin.com/search/results/people/?keywords=Wajid%20Usman%20Khan%20Savola,https://www.savola.com,https://www.savola.com/en/about-us/leadership-team
64,Retail,Muhammad bin Abdulrahman Al-Agil,Chairman,Jarir Marketing,Suudi Arabistan,Orta (başkan),https://www.linkedin.com/search/results/people/?keywords=Muhammad%20Al-Agil%20Jarir,https://www.jarir.com,https://www.jarir.com/sa-en/about-jarir/board-of-directors
65,Retail,Abdulkarim bin Abdulrahman Al-Agil,CEO & Vice Chairman,Jarir Marketing,Suudi Arabistan,Yüksek (profesyonel),https://www.linkedin.com/search/results/people/?keywords=Abdulkarim%20Al-Agil%20Jarir,https://www.jarir.com,https://www.jarir.com/sa-en/about-jarir/board-of-directors
66,Retail,Muaffag Abdullah Mubarah,CEO,Abdullah Al Othaim Markets,Suudi Arabistan,Yüksek (profesyonel),https://www.linkedin.com/search/results/people/?keywords=Muaffag%20Mubarah%20Al%20Othaim,https://www.othaimmarkets.com,https://www.marketscreener.com/quote/stock/ABDULLAH-AL-OTHAIM-MARKET-6500858/company-governance/
67,Healthcare,Saleh Salem Bin Mahfouz,Chairman,Nahdi Medical,Suudi Arabistan,Orta (başkan),https://www.linkedin.com/search/results/people/?keywords=Saleh%20Bin%20Mahfouz%20Nahdi,https://nahdi.sa,https://investors.nahdi.sa/en/governance/
68,Healthcare,Yasser Joharji,CEO,Nahdi Medical,Suudi Arabistan,Yüksek (profesyonel),https://sa.linkedin.com/in/yasser-joharji-59b20b15,https://nahdi.sa,https://nahdi.sa/about-nahdi/executive-team/
69,Healthcare,Mohammed Al-Khubani,CFO,Nahdi Medical,Suudi Arabistan,Yüksek (profesyonel),https://www.linkedin.com/search/results/people/?keywords=Mohammed%20Al-Khubani%20Nahdi,https://nahdi.sa,https://investors.nahdi.sa/en/governance/
70,Healthcare,Faisal Abdullah Al Nassar,Group CEO & CFO,Dr Sulaiman Al Habib (HMG),Suudi Arabistan,Yüksek (profesyonel),https://www.linkedin.com/search/results/people/?keywords=Faisal%20Al%20Nassar%20Al%20Habib%20Medical,https://hmg.com,https://www.argaam.com/en/article/articledetail/id/1675221
71,Food & Beverage,Patrick Othmar Stillhart,CEO,SADAFCO,Suudi Arabistan,Yüksek (profesyonel),https://www.linkedin.com/search/results/people/?keywords=Patrick%20Stillhart%20SADAFCO,https://www.sadafco.com,https://www.sadafco.com/about-us/the-board/
72,Food & Beverage,Glen Kelly,CFO,SADAFCO,Suudi Arabistan,Yüksek (profesyonel),https://www.linkedin.com/search/results/people/?keywords=Glen%20Kelly%20SADAFCO,https://www.sadafco.com,https://www.sadafco.com/about-us/the-board/
73,Banking,Sheikh Tahnoon bin Zayed Al Nahyan,Chairman,First Abu Dhabi Bank (FAB),BAE,Düşük (royal/sahip),https://www.linkedin.com/search/results/people/?keywords=Tahnoon%20bin%20Zayed%20Al%20Nahyan%20First%20Abu%20Dhabi%20Bank,https://www.bankfab.com,https://www.bankfab.com/en-ae/about-fab/group/board-of-directors
74,Banking,Hana Al Rostamani,Group CEO,First Abu Dhabi Bank (FAB),BAE,Yüksek (profesyonel),https://www.linkedin.com/search/results/people/?keywords=Hana%20Al%20Rostamani%20First%20Abu%20Dhabi%20Bank,https://www.bankfab.com,https://www.bankfab.com/en-ae/about-fab/group/senior-management
75,Banking,Lars Kramer,Group CFO,First Abu Dhabi Bank (FAB),BAE,Yüksek (profesyonel),https://www.linkedin.com/search/results/people/?keywords=Lars%20Kramer%20First%20Abu%20Dhabi%20Bank,https://www.bankfab.com,https://www.bankfab.com/en-ae/about-fab/group/senior-management
76,Banking,Sheikh Ahmed bin Saeed Al Maktoum,Chairman,Emirates NBD,BAE,Düşük (royal/sahip),https://www.linkedin.com/search/results/people/?keywords=Ahmed%20bin%20Saeed%20Al%20Maktoum%20Emirates%20NBD,https://www.emiratesnbd.com,https://www.emiratesnbd.com/en/about-emirates-nbd/corporate-governance/board-of-directors
77,Banking,Shayne Nelson,Group CEO,Emirates NBD,BAE,Yüksek (profesyonel),https://www.linkedin.com/search/results/people/?keywords=Shayne%20Nelson%20Emirates%20NBD,https://www.emiratesnbd.com,https://www.emiratesnbd.com/en/about-emirates-nbd/corporate-governance/management-team/shaynenelson
78,Banking,Patrick Sullivan,Group CFO,Emirates NBD,BAE,Yüksek (profesyonel),https://www.linkedin.com/search/results/people/?keywords=Patrick%20Sullivan%20Emirates%20NBD,https://www.emiratesnbd.com,https://www.emiratesnbd.com/en/about-emirates-nbd/corporate-governance/management-team
79,Banking,Khaldoon Khalifa Al Mubarak,Chairman,Abu Dhabi Commercial Bank (ADCB),BAE,Orta (başkan),https://www.linkedin.com/search/results/people/?keywords=Khaldoon%20Al%20Mubarak%20ADCB,https://www.adcb.com,https://www.adcb.com/en/about-us/corporate-governance/executive-management/
80,Banking,Ala'a Eraiqat,Group CEO,Abu Dhabi Commercial Bank (ADCB),BAE,Yüksek (profesyonel),https://www.linkedin.com/search/results/people/?keywords=Alaa%20Eraiqat%20ADCB,https://www.adcb.com,https://www.adcb.com/en/about-us/corporate-governance/executive-management/
81,Banking,Deepak Khullar,Group CFO,Abu Dhabi Commercial Bank (ADCB),BAE,Yüksek (profesyonel),https://www.linkedin.com/search/results/people/?keywords=Deepak%20Khullar%20ADCB,https://www.adcb.com,https://www.adcb.com/en/about-us/corporate-governance/executive-management/
82,Islamic Banking,Mohammed Ibrahim Al Shaibani,Chairman,Dubai Islamic Bank,BAE,Orta (başkan),https://www.linkedin.com/search/results/people/?keywords=Mohammed%20Al%20Shaibani%20Dubai%20Islamic%20Bank,https://www.dib.ae,https://www.dib.ae/about-us/leadership-team/board-of-directors
83,Islamic Banking,Dr. Adnan Chilwan,Group CEO,Dubai Islamic Bank,BAE,Yüksek (profesyonel),https://www.linkedin.com/search/results/people/?keywords=Adnan%20Chilwan%20Dubai%20Islamic%20Bank,https://www.dib.ae,https://www.dib.ae/about-us/gceo
84,Islamic Banking,John Macedo,Group CFO,Dubai Islamic Bank,BAE,Yüksek (profesyonel),https://www.linkedin.com/search/results/people/?keywords=John%20Macedo%20Dubai%20Islamic%20Bank,https://www.dib.ae,https://www.dib.ae/about-us/leadership-team/executive-management
85,Islamic Banking,Jawaan Awaidha Al Khaili,Chairman,Abu Dhabi Islamic Bank (ADIB),BAE,Orta (başkan),https://www.linkedin.com/search/results/people/?keywords=Jawaan%20Al%20Khaili%20ADIB,https://www.adib.ae,https://www.adib.ae/en/about/our-leadership
86,Islamic Banking,Mohamed Abdelbary,Group CEO,Abu Dhabi Islamic Bank (ADIB),BAE,Yüksek (profesyonel),https://www.linkedin.com/search/results/people/?keywords=Mohamed%20Abdelbary%20ADIB,https://www.adib.ae,https://www.adib.ae/en/news/2024/oct/adib-appoints-mohamed-abdelbary--as-group-chief
87,Banking,Abdulaziz Al Ghurair,Chairman,Mashreq Bank,BAE,Orta (başkan),https://www.linkedin.com/search/results/people/?keywords=Abdulaziz%20Al%20Ghurair%20Mashreq,https://www.mashreq.com,https://www.mashreqbank.com/uae/en/about-us/company-information/corporate-governance/mgmntteam
88,Banking,Ahmed Abdelaal,Group CEO,Mashreq Bank,BAE,Yüksek (profesyonel),https://www.linkedin.com/search/results/people/?keywords=Ahmed%20Abdelaal%20Mashreq,https://www.mashreq.com,https://www.mashreq.com/en/uae/about-us/our-company/corporate-governance/management-team/ahmed-abdelaal-ceo/
89,Banking,Norman Tambach,Group CFO,Mashreq Bank,BAE,Yüksek (profesyonel),https://ae.linkedin.com/in/normantambach,https://www.mashreq.com,https://www.mashreq.com/en/uae/about-us/our-company/corporate-governance/management-team/
90,Islamic Banking,Hesham Abdulla Al Qassim,Chairman,Emirates Islamic,BAE,Orta (başkan),https://www.linkedin.com/search/results/people/?keywords=Hesham%20Al%20Qassim%20Emirates%20Islamic,https://www.emiratesislamic.ae,https://www.emiratesislamic.ae/en/about-us/board-members-management-team
91,Islamic Banking,Farid AlMulla,CEO,Emirates Islamic,BAE,Yüksek (profesyonel),https://www.linkedin.com/search/results/people/?keywords=Farid%20AlMulla%20Emirates%20Islamic,https://www.emiratesislamic.ae,https://www.emiratesislamic.ae/en/about-us/board-members-management-team
92,Banking,Ahmad Abdulkarim Julfar,Chairman,Commercial Bank of Dubai,BAE,Orta (başkan),https://www.linkedin.com/search/results/people/?keywords=Ahmad%20Julfar%20Commercial%20Bank%20of%20Dubai,https://www.cbd.ae,https://www.cbd.ae/aboutus/corporate-governance/cbd-board-of-directors
93,Banking,Bernd van Linder,CEO,Commercial Bank of Dubai,BAE,Yüksek (profesyonel),https://www.linkedin.com/search/results/people/?keywords=Bernd%20van%20Linder%20Commercial%20Bank%20of%20Dubai,https://www.cbd.ae,https://www.cbd.ae/aboutus/about-cbd/cbd-management-team
94,Banking,Darren Clarke,CFO,Commercial Bank of Dubai,BAE,Yüksek (profesyonel),https://www.linkedin.com/search/results/people/?keywords=Darren%20Clarke%20Commercial%20Bank%20of%20Dubai,https://www.cbd.ae,https://www.cbd.ae/aboutus/about-cbd/corporate-governance/cbd-management-team/mr-darren-clarke
95,Banking,Sheikh Saleh bin Mohamed Al Sharqi,Chairman,National Bank of Fujairah,BAE,Düşük (royal/sahip),https://www.linkedin.com/search/results/people/?keywords=Saleh%20Al%20Sharqi%20National%20Bank%20of%20Fujairah,https://nbf.ae,https://nbf.ae/en/about-us/investor-relations/corporate-governance/board-of-directors
96,Banking,Adnan Anwar,CEO,National Bank of Fujairah,BAE,Yüksek (profesyonel),https://www.linkedin.com/search/results/people/?keywords=Adnan%20Anwar%20National%20Bank%20of%20Fujairah,https://nbf.ae,https://nbf.ae/en/about-us/investor-relations/corporate-governance/management-committees
97,Banking,Brian Mulholland,CFO,National Bank of Fujairah,BAE,Yüksek (profesyonel),https://www.linkedin.com/search/results/people/?keywords=Brian%20Mulholland%20National%20Bank%20of%20Fujairah,https://nbf.ae,https://nbf.ae/en/about-us/investor-relations/corporate-governance/management-committees
98,Islamic Banking,Abdulrahman Mohamed Salem Alowais,Chairman,Sharjah Islamic Bank,BAE,Orta (başkan),https://www.linkedin.com/search/results/people/?keywords=Abdulrahman%20Alowais%20Sharjah%20Islamic%20Bank,https://www.sib.ae,https://www.sib.ae/en/about-us/corporate-governance
99,Islamic Banking,Mohamed Ahmed Abdalla,CEO,Sharjah Islamic Bank,BAE,Yüksek (profesyonel),https://www.linkedin.com/search/results/people/?keywords=Mohamed%20Ahmed%20Abdalla%20Sharjah%20Islamic%20Bank,https://www.sib.ae,https://www.sib.ae/en/about-us/corporate-governance
100,Islamic Banking,Ghaith Al Midfa,Group CFO,Sharjah Islamic Bank,BAE,Yüksek (profesyonel),https://www.linkedin.com/search/results/people/?keywords=Ghaith%20Al%20Midfa%20Sharjah%20Islamic%20Bank,https://www.sib.ae,https://www.sib.ae/en/about-us/corporate-governance
101,Telecom,Jassem Mohamed Bu Ataba Alzaabi,Chairman,e& (Etisalat Group),BAE,Orta (başkan),https://www.linkedin.com/search/results/people/?keywords=Jassem%20Alzaabi%20e%26,https://www.eand.com,https://www.eand.com/en/whoweare/governance/board-of-directors.html
102,Telecom,Masood M. Sharif Mahmood,Group CEO,e& (Etisalat Group),BAE,Yüksek (profesyonel),https://www.linkedin.com/search/results/people/?keywords=Masood%20Sharif%20Mahmood%20e%26,https://www.eand.com,https://www.eand.com/en/whoweare/senior-management.html
103,Telecom,Karim Bennis,Group CFO,e& (Etisalat Group),BAE,Yüksek (profesyonel),https://www.linkedin.com/search/results/people/?keywords=Karim%20Bennis%20e%26%20Etisalat,https://www.eand.com,https://www.eand.com/en/whoweare/senior-management.html
104,Telecom,Malek Sultan Al Malek,Chairman,du (EITC),BAE,Orta (başkan),https://www.linkedin.com/search/results/people/?keywords=Malek%20Al%20Malek%20du%20EITC,https://www.du.ae,https://www.du.ae/about-us/investor-relations/board-of-directors
105,Telecom,Fahad Al Hassawi,CEO,du (EITC),BAE,Yüksek (profesyonel),https://www.linkedin.com/search/results/people/?keywords=Fahad%20Al%20Hassawi%20du%20EITC,https://www.du.ae,https://www.du.ae/management-team
106,Telecom,Kais Ben Hamida,CFO,du (EITC),BAE,Yüksek (profesyonel),https://www.linkedin.com/search/results/people/?keywords=Kais%20Ben%20Hamida%20du%20EITC,https://www.du.ae,https://www.du.ae/management-team
107,Energy,Bader Saeed Al Lamki,CEO,ADNOC Distribution,BAE,Yüksek (profesyonel),https://www.linkedin.com/search/results/people/?keywords=Bader%20Al%20Lamki%20ADNOC%20Distribution,https://www.adnocdistribution.ae,https://www.adnocdistribution.ae/en/investor-relations/leadership
108,Energy,Wayne Beifus,CFO,ADNOC Distribution,BAE,Yüksek (profesyonel),https://www.linkedin.com/search/results/people/?keywords=Wayne%20Beifus%20ADNOC%20Distribution,https://www.adnocdistribution.ae,https://www.adnocdistribution.ae/en/investor-relations/leadership
109,Energy,Fatema Mohamed Al Nuaimi,CEO,ADNOC Gas,BAE,Yüksek (profesyonel),https://www.linkedin.com/search/results/people/?keywords=Fatema%20Al%20Nuaimi%20ADNOC%20Gas,https://www.adnocgas.ae,https://www.adnocgas.ae/en/our-company/executive-management
110,Energy,Peter van Driel,CFO,ADNOC Gas,BAE,Yüksek (profesyonel),https://www.linkedin.com/search/results/people/?keywords=Peter%20van%20Driel%20ADNOC%20Gas,https://www.adnocgas.ae,https://www.adnocgas.ae/en/our-company/executive-management
111,Petrochemicals,Hazeem Sultan Al Suwaidi,CEO,Borouge,BAE,Yüksek (profesyonel),https://www.linkedin.com/search/results/people/?keywords=Hazeem%20Al%20Suwaidi%20Borouge,https://www.borouge.com,https://www.borouge.com
112,Petrochemicals,Jan-Martin Nufer,CFO,Borouge,BAE,Yüksek (profesyonel),https://www.linkedin.com/search/results/people/?keywords=Jan-Martin%20Nufer%20Borouge,https://www.borouge.com,https://www.borouge.com
113,Energy / Utilities,Jasim Husain Thabet,Group CEO & MD,TAQA,BAE,Yüksek (profesyonel),https://www.linkedin.com/search/results/people/?keywords=Jasim%20Husain%20Thabet%20TAQA,https://www.taqa.com,https://www.tq.com/about-taqa/leadership/executive-management/
114,Energy / Utilities,Adrian Kershaw,CFO,TAQA,BAE,Yüksek (profesyonel),https://www.linkedin.com/search/results/people/?keywords=Adrian%20Kershaw%20TAQA,https://www.taqa.com,https://www.zawya.com/en/press-release/people-in-the-news/taqa-appoints-new-chief-financial-officer-b6f7rusz
115,Utilities,Saeed Mohammed Al Tayer,MD & CEO,DEWA,BAE,Yüksek (profesyonel),https://www.linkedin.com/search/results/people/?keywords=Saeed%20Al%20Tayer%20DEWA,https://www.dewa.gov.ae,https://www.dewa.gov.ae/en/about-us/strategy-excellence/board-of-directors
116,Transport,Ibrahim Sultan Al Haddad,CEO,Salik Company,BAE,Yüksek (profesyonel),https://www.linkedin.com/search/results/people/?keywords=Ibrahim%20Al%20Haddad%20Salik,https://www.salik.ae,https://www.salik.ae/en/Investors/Overview
117,Transport,Maged Ibrahim,CFO,Salik Company,BAE,Yüksek (profesyonel),https://www.linkedin.com/search/results/people/?keywords=Maged%20Ibrahim%20Salik,https://www.salik.ae,https://ar2025.salik.ae/en/strategic-review/cfo-review
118,Fertilizers,Ahmed El-Hoshy,CEO,Fertiglobe,BAE,Yüksek (profesyonel),https://www.linkedin.com/search/results/people/?keywords=Ahmed%20El-Hoshy%20Fertiglobe,https://www.fertiglobe.com,https://craft.co/fertiglobe/executives
119,Fertilizers,Andrew Tait,CFO,Fertiglobe,BAE,Yüksek (profesyonel),https://www.linkedin.com/search/results/people/?keywords=Andrew%20Tait%20Fertiglobe,https://www.fertiglobe.com,https://craft.co/fertiglobe/executives
120,Holding,Syed Basar Shueb,CEO & MD,International Holding Company (IHC),BAE,Yüksek (profesyonel),https://ae.linkedin.com/in/syed-basar-shueb-uae,https://www.ihcuae.com,https://www.ihcuae.com/leadership
121,Restaurants,Amarpal Sandhu,CEO,Americana Restaurants,BAE,Yüksek (profesyonel),https://www.linkedin.com/search/results/people/?keywords=Amarpal%20Sandhu%20Americana,https://www.americanarestaurants.com,https://www.americanarestaurants.com/our-leadership/
122,Restaurants,Rahul Mathur,CFO,Americana Restaurants,BAE,Yüksek (profesyonel),https://www.linkedin.com/search/results/people/?keywords=Rahul%20Mathur%20Americana,https://www.americanarestaurants.com,https://www.americanarestaurants.com/our-leadership/
123,Food & Beverage,Khalifa Sultan Al Suwaidi,Chairman,Agthia Group,BAE,Orta (başkan),https://www.linkedin.com/search/results/people/?keywords=Khalifa%20Al%20Suwaidi%20Agthia,https://www.agthia.com,https://www.agthia.com/board-of-directors/
124,Food & Beverage,Salmeen Al Ameri,MD & CEO,Agthia Group,BAE,Yüksek (profesyonel),https://www.linkedin.com/search/results/people/?keywords=Salmeen%20Al%20Ameri%20Agthia,https://www.agthia.com,https://www.agthia.com/news/agthia-group-announces-ceo-transition-to-lead-companys-next-phase-of-growth/
125,Food & Beverage,Jeroen Nijs,CFO,Agthia Group,BAE,Yüksek (profesyonel),https://www.linkedin.com/search/results/people/?keywords=Jeroen%20Nijs%20Agthia,https://www.agthia.com,https://www.agthia.com/news/meet-our-new-cfo/
126,Retail,Saifee Rupawala,CEO,Lulu Retail Holdings,BAE,Yüksek (profesyonel),https://www.linkedin.com/in/saifee-rupawala-ab2902207/,https://www.luluretail.com,https://www.luluretail.com/about-us/senior-management/
127,Retail,Prasad KK,CFO,Lulu Retail Holdings,BAE,Yüksek (profesyonel),https://www.linkedin.com/search/results/people/?keywords=Prasad%20KK%20Lulu%20Retail,https://www.luluretail.com,https://www.luluretail.com/about-us/senior-management/
128,Aviation,Sheikh Abdullah Bin Mohammad Al Thani,Chairman,Air Arabia,BAE,Düşük (royal/sahip),https://www.linkedin.com/search/results/people/?keywords=Abdullah%20Bin%20Mohammad%20Al%20Thani%20Air%20Arabia,https://www.airarabia.com,https://www.airarabia.com/en/board-directors
129,Aviation,Adel Abdullah Ali,Group CEO,Air Arabia,BAE,Yüksek (profesyonel),https://www.linkedin.com/search/results/people/?keywords=Adel%20Abdullah%20Ali%20Air%20Arabia,https://www.airarabia.com,https://www.airarabia.com/en/group-ceo
130,Aviation,Adel Ahmad Al Soori,Group CFO,Emirates Airline,BAE,Yüksek (profesyonel),https://www.linkedin.com/search/results/people/?keywords=Adel%20Al%20Soori%20Emirates,https://www.emirates.com,https://www.emirates.com/english/about-us/our-people/leadership-team/
131,Aviation,Mohamed Mubarak Al Mazrouei,Chairman,Etihad Airways,BAE,Orta (başkan),https://www.linkedin.com/search/results/people/?keywords=Mohamed%20Al%20Mazrouei%20Etihad,https://www.etihad.com,https://www.etihad.com/en/about-us/leadership
132,Aviation,Antonoaldo Neves,CEO,Etihad Airways,BAE,Yüksek (profesyonel),https://www.linkedin.com/search/results/people/?keywords=Antonoaldo%20Neves%20Etihad,https://www.etihad.com,https://www.etihad.com/en/about-us/leadership
133,Aviation,Raffael Quintas,CFO,Etihad Airways,BAE,Yüksek (profesyonel),https://www.linkedin.com/search/results/people/?keywords=Raffael%20Quintas%20Etihad,https://www.etihad.com,https://www.etihad.com/en/news/etihad-airways-appoints-raffael-quintas-as-chief-financial-officer
134,Investment Holding,Hamad Salem Al Ameri,MD & Group CEO,Alpha Dhabi Holding,BAE,Yüksek (profesyonel),https://www.linkedin.com/search/results/people/?keywords=Hamad%20Al%20Ameri%20Alpha%20Dhabi,https://alphadhabi.com,https://alphadhabi.com/leadership/
135,Investment Holding,Fadi Sleiman,Group CFO,Alpha Dhabi Holding,BAE,Yüksek (profesyonel),https://www.linkedin.com/search/results/people/?keywords=Fadi%20Sleiman%20Alpha%20Dhabi,https://alphadhabi.com,https://alphadhabi.com/leadership/
136,Investment Holding,Samia Bouazza,Group CEO & MD,Multiply Group,BAE,Yüksek (profesyonel),https://www.linkedin.com/search/results/people/?keywords=Samia%20Bouazza%20Multiply%20Group,https://2pointzero.com,https://2pointzero.com/who-we-are
137,Technology,Thomas Pramotedham,CEO,Presight AI,BAE,Yüksek (profesyonel),https://www.linkedin.com/search/results/people/?keywords=Thomas%20Pramotedham%20Presight,https://www.presight.ai,https://www.presight.ai/leadership
138,Technology,Mauro Pavanello,CFO,Presight AI,BAE,Yüksek (profesyonel),https://www.linkedin.com/search/results/people/?keywords=Mauro%20Pavanello%20Presight,https://www.presight.ai,https://www.presight.ai/leadership
139,Luxury Retail,Patrick Chalhoub,Executive Chairman,Chalhoub Group,BAE,Orta (başkan),https://www.linkedin.com/search/results/people/?keywords=Patrick%20Chalhoub%20Chalhoub%20Group,https://www.chalhoubgroup.com,https://www.chalhoubgroup.com/en/leadership
140,Luxury Retail,Michael Chalhoub,CEO,Chalhoub Group,BAE,Yüksek (profesyonel),https://ae.linkedin.com/in/michaelchalhoub,https://www.chalhoubgroup.com,https://www.chalhoubgroup.com/en/leadership
141,Luxury Retail,Tracey Griffin,CFO,Chalhoub Group,BAE,Yüksek (profesyonel),https://www.linkedin.com/search/results/people/?keywords=Tracey%20Griffin%20Chalhoub%20Group,https://www.chalhoubgroup.com,https://www.chalhoubgroup.com/en/leadership
142,Banking,Ali bin Ahmed Al-Kuwari,Chairman,Qatar National Bank (QNB),Katar,Orta (başkan),https://www.linkedin.com/search/results/people/?keywords=Ali%20Al-Kuwari%20QNB,https://www.qnb.com,https://www.qnb.com/cs/Satellite/QNBQatar/en_QA/enAboutQNBBoardofDirectors
143,Banking,Abdulla Mubarak Al-Khalifa,Group CEO,Qatar National Bank (QNB),Katar,Yüksek (profesyonel),https://www.linkedin.com/search/results/people/?keywords=Abdulla%20Mubarak%20Al-Khalifa%20QNB,https://www.qnb.com,https://www.qnb.com/cs/Satellite/QNBQatar/en_QA/enAboutQNBExecutiveManagement
144,Banking,Ramzi Talat Mari,Group CFO,Qatar National Bank (QNB),Katar,Yüksek (profesyonel),https://www.linkedin.com/search/results/people/?keywords=Ramzi%20Mari%20QNB,https://www.qnb.com,https://www.qnb.com/cs/Satellite/QNBQatar/en_QA/enAboutQNBExecutiveManagement
145,Banking,Sheikh Abdulla bin Ali Al Thani,Chairman,Commercial Bank of Qatar,Katar,Düşük (royal/sahip),https://www.linkedin.com/search/results/people/?keywords=Abdulla%20bin%20Ali%20Al%20Thani%20Commercial%20Bank%20Qatar,https://www.cbq.qa,https://www.cbq.qa/en/investor-relations/corporate-governance/board-of-directors
146,Banking,Stephen Moss,Group CEO,Commercial Bank of Qatar,Katar,Yüksek (profesyonel),https://www.linkedin.com/search/results/people/?keywords=Stephen%20Moss%20Commercial%20Bank%20Qatar,https://www.cbq.qa,https://www.cbq.qa/en/about-us/news/list/commercial-bank-appoints-stephen-moss-as-group-chief-executive-officer
147,Banking,Noman Ali,CFO,Commercial Bank of Qatar,Katar,Yüksek (profesyonel),https://www.linkedin.com/search/results/people/?keywords=Noman%20Ali%20Commercial%20Bank%20Qatar,https://www.cbq.qa,https://www.cbq.qa/en/about-us/executive-management
148,Islamic Banking,Sheikh Jassim bin Hamad Al Thani,Chairman,Qatar Islamic Bank (QIB),Katar,Düşük (royal/sahip),https://www.linkedin.com/search/results/people/?keywords=Jassim%20bin%20Hamad%20Al%20Thani%20Qatar%20Islamic%20Bank,https://www.qib.com.qa,https://www.qib.com.qa/en/board-of-directors/
149,Islamic Banking,Bassel Gamal,Group CEO,Qatar Islamic Bank (QIB),Katar,Yüksek (profesyonel),https://www.linkedin.com/search/results/people/?keywords=Bassel%20Gamal%20Qatar%20Islamic%20Bank,https://www.qib.com.qa,https://www.qib.com.qa/en/senior-management/
150,Islamic Banking,Gourang Hemani,CFO,Qatar Islamic Bank (QIB),Katar,Yüksek (profesyonel),https://www.linkedin.com/search/results/people/?keywords=Gourang%20Hemani%20Qatar%20Islamic%20Bank,https://www.qib.com.qa,https://www.qib.com.qa/en/senior-management/
151,Islamic Banking,Sheikh Mohamed bin Hamad Al Thani,Chairman,Masraf Al Rayan,Katar,Düşük (royal/sahip),https://www.linkedin.com/search/results/people/?keywords=Mohamed%20bin%20Hamad%20Al%20Thani%20Masraf%20Al%20Rayan,https://www.alrayan.com,https://www.alrayan.com/en/about-us/board
152,Islamic Banking,Fahad Abdulla Al Khalifa,Group CEO,Masraf Al Rayan,Katar,Yüksek (profesyonel),https://www.linkedin.com/search/results/people/?keywords=Fahad%20Al%20Khalifa%20Masraf%20Al%20Rayan,https://www.alrayan.com,https://www.alrayan.com/en/about-us/management
153,Islamic Banking,Saalim Mahmood,CFSO (CFO),Masraf Al Rayan,Katar,Yüksek (profesyonel),https://www.linkedin.com/search/results/people/?keywords=Saalim%20Mahmood%20AlRayan%20Bank,https://www.alrayan.com,https://www.alrayan.com/en/about-us/management
154,Banking,Sheikh Fahad bin Mohammad Al Thani,Chairman,Doha Bank,Katar,Düşük (royal/sahip),https://www.linkedin.com/search/results/people/?keywords=Fahad%20bin%20Mohammad%20Al%20Thani%20Doha%20Bank,https://www.dohabank.com,https://www.dohabank.com/about-us/board-of-directors/
155,Banking,Sheikh Abdulrahman bin Fahad Al Thani,Group CEO,Doha Bank,Katar,Yüksek (profesyonel),https://www.linkedin.com/search/results/people/?keywords=Abdulrahman%20bin%20Fahad%20Al%20Thani%20Doha%20Bank,https://www.dohabank.com,https://www.dohabank.com/about-us/executive-management/
156,Telecom,Sheikh Faisal bin Thani Al Thani,Chairman,Ooredoo,Katar,Düşük (royal/sahip),https://www.linkedin.com/search/results/people/?keywords=Faisal%20bin%20Thani%20Al%20Thani%20Ooredoo,https://www.ooredoo.com,https://www.ooredoo.com/en/who_we_are/governance_team/board-of-directors/
157,Telecom,Aziz Aluthman Fakhroo,MD & Group CEO,Ooredoo,Katar,Yüksek (profesyonel),https://www.linkedin.com/search/results/people/?keywords=Aziz%20Aluthman%20Fakhroo%20Ooredoo,https://www.ooredoo.com,https://www.ooredoo.com/en/who_we_are/governance_team/group-executive-management/
158,Telecom,Abdulla Ahmad Al Zaman,Group CFO,Ooredoo,Katar,Yüksek (profesyonel),https://www.linkedin.com/search/results/people/?keywords=Abdulla%20Al%20Zaman%20Ooredoo,https://www.ooredoo.com,https://www.ooredoo.com/en/who_we_are/governance_team/group-executive-management/
159,Industrials,Saad Sherida Al-Kaabi,Chairman & MD,Industries Qatar,Katar,Yüksek (profesyonel),https://www.linkedin.com/search/results/people/?keywords=Saad%20Al-Kaabi%20Industries%20Qatar,https://iq.com.qa,https://iq.com.qa/en/about-iq/board-of-directors/his-excellency-mr-saad-sherida-al-kaabi/
160,Maritime / LNG,Sheikh Khalid bin Khalifa Al Thani,Chairman,Nakilat,Katar,Düşük (royal/sahip),https://www.linkedin.com/search/results/people/?keywords=Khalid%20bin%20Khalifa%20Al%20Thani%20Nakilat,https://www.nakilat.com,https://www.nakilat.com/boardofdirectors/
161,Maritime / LNG,Abdullah Al-Sulaiti,CEO,Nakilat,Katar,Yüksek (profesyonel),https://www.linkedin.com/search/results/people/?keywords=Abdullah%20Al-Sulaiti%20Nakilat,https://www.nakilat.com,https://www.nakilat.com/management/
162,Maritime / LNG,Hani Abuaker,CFO,Nakilat,Katar,Yüksek (profesyonel),https://www.linkedin.com/search/results/people/?keywords=Hani%20Abuaker%20Nakilat,https://www.nakilat.com,https://www.nakilat.com/management/
163,Utilities,Fahad Hamad Al-Mohannadi,General Manager,Qatar Electricity & Water (QEWC),Katar,Yüksek (profesyonel),https://www.linkedin.com/search/results/people/?keywords=Fahad%20Al-Mohannadi%20QEWC,https://www.qewc.com,https://www.qewc.com/qewc/en/about/leadership-management/
164,Utilities,Shahzad Gill,CFO,Qatar Electricity & Water (QEWC),Katar,Yüksek (profesyonel),https://www.linkedin.com/search/results/people/?keywords=Shahzad%20Gill%20QEWC,https://www.qewc.com,https://www.qewc.com/qewc/en/about/leadership-management/
165,Maritime / Logistics,Sheikh Jassim bin Hamad bin Jassim Al Thani,Chairman,Qatar Navigation (Milaha),Katar,Düşük (royal/sahip),https://www.linkedin.com/search/results/people/?keywords=Jassim%20bin%20Hamad%20Al%20Thani%20Milaha,https://www.milaha.com,https://www.milaha.com/en/board-directors
166,Maritime / Logistics,Fahad Saad Al-Qahtani,Group CEO,Qatar Navigation (Milaha),Katar,Yüksek (profesyonel),https://www.linkedin.com/search/results/people/?keywords=Fahad%20Al-Qahtani%20Milaha,https://www.milaha.com,https://www.milaha.com/en/executive-management
167,Maritime / Logistics,Akram Bashir Iswaiki,EVP Finance (Group CFO),Qatar Navigation (Milaha),Katar,Yüksek (profesyonel),https://www.linkedin.com/search/results/people/?keywords=Akram%20Iswaiki%20Milaha,https://www.milaha.com,https://www.milaha.com/en/executive-management
168,Food & Beverage,Moutaz Al-Khayyat,Group Chairman,Baladna,Katar,Orta (başkan),https://www.linkedin.com/search/results/people/?keywords=Moutaz%20Al-Khayyat%20Baladna,https://baladna.com,https://baladna.com/en/our-team
169,Food & Beverage,Marek Warzywoda,Group CEO,Baladna,Katar,Yüksek (profesyonel),https://www.linkedin.com/search/results/people/?keywords=Marek%20Warzywoda%20Baladna,https://baladna.com,https://baladna.com/en/our-team
170,Food & Beverage,Saifullah Khan,Group CFO,Baladna,Katar,Yüksek (profesyonel),https://www.linkedin.com/search/results/people/?keywords=Saifullah%20Khan%20Baladna,https://baladna.com,https://baladna.com/en/our-team
171,Energy,Ahmad Saif Al-Sulaiti,Chairman,Qatar Fuel (Woqod),Katar,Orta (başkan),https://www.linkedin.com/search/results/people/?keywords=Ahmad%20Saif%20Al-Sulaiti%20Woqod,https://www.woqod.com,https://www.woqod.com/website/en/about-us/leadership/detailed/boardmembers
172,Energy,Saad Rashid Al-Muhannadi,CEO & MD,Qatar Fuel (Woqod),Katar,Yüksek (profesyonel),https://www.linkedin.com/search/results/people/?keywords=Saad%20Al-Muhannadi%20Woqod,https://www.woqod.com,https://www.woqod.com/website/en/about-us/leadership/detailed/executivemanagement
173,Banking,Hamad Mohamed Al-Bahar,Chairman,National Bank of Kuwait (NBK),Kuveyt,Orta (başkan),https://www.linkedin.com/search/results/people/?keywords=Hamad%20Al-Bahar%20National%20Bank%20of%20Kuwait,https://www.nbk.com,https://www.nbk.com/about-nbk-group/who-we-are.html
174,Banking,Isam Jasem Al-Sager,Vice-Chairman & Group CEO,National Bank of Kuwait (NBK),Kuveyt,Yüksek (profesyonel),https://www.linkedin.com/search/results/people/?keywords=Isam%20Al-Sager%20National%20Bank%20of%20Kuwait,https://www.nbk.com,https://www.nbk.com/about-nbk-group/who-we-are.html
175,Banking,Sujit Ronghe,Group CFO,National Bank of Kuwait (NBK),Kuveyt,Yüksek (profesyonel),https://www.linkedin.com/search/results/people/?keywords=Sujit%20Ronghe%20National%20Bank%20of%20Kuwait,https://www.nbk.com,https://www.nbk.com/about-nbk-group/who-we-are.html
176,Islamic Banking,Hamad Abdulmohsen Al-Marzouq,Chairman,Kuwait Finance House (KFH),Kuveyt,Orta (başkan),https://www.linkedin.com/search/results/people/?keywords=Hamad%20Al-Marzouq%20Kuwait%20Finance%20House,https://www.kfh.com,https://www.kfh.com/en/home/Personal/aboutus/Islamic-Banking-Pioneers.html
177,Islamic Banking,Khaled Yousef Al-Shamlan,Group CEO,Kuwait Finance House (KFH),Kuveyt,Yüksek (profesyonel),https://www.linkedin.com/search/results/people/?keywords=Khaled%20Al-Shamlan%20Kuwait%20Finance%20House,https://www.kfh.com,https://www.kfh.com/en/home/Personal/news/2025/KFH-Appoints-Khaled-AlShamlan-as-KFH-Group-CEO.html
178,Islamic Banking,Abdulkarim Abdullah Al-Samdan,Group CFO,Kuwait Finance House (KFH),Kuveyt,Yüksek (profesyonel),https://www.linkedin.com/search/results/people/?keywords=Abdulkarim%20Al-Samdan%20Kuwait%20Finance%20House,https://www.kfh.com,https://www.kfh.com/en/home/Personal/aboutus/Islamic-Banking-Pioneers.html
179,Banking,Ahmad Mohammad Al-Bahar,Chairman,Gulf Bank,Kuveyt,Orta (başkan),https://www.linkedin.com/search/results/people/?keywords=Ahmad%20Al-Bahar%20Gulf%20Bank%20Kuwait,https://www.e-gulfbank.com,https://www.e-gulfbank.com/en/about-us/media/press-releases/2025/01/ahmad-mohammad-al-bahar-appointed-chairman-of-gulf-banks-board-of-directors/
180,Banking,Waleed Khaled Mandani,Acting CEO,Gulf Bank,Kuveyt,Yüksek (profesyonel),https://www.linkedin.com/search/results/people/?keywords=Waleed%20Mandani%20Gulf%20Bank%20Kuwait,https://www.e-gulfbank.com,https://www.e-gulfbank.com/en/about-us/executives/executive-management/
181,Banking,David Challinor,CFO,Gulf Bank,Kuveyt,Yüksek (profesyonel),https://www.linkedin.com/search/results/people/?keywords=David%20Challinor%20Gulf%20Bank%20Kuwait,https://www.e-gulfbank.com,https://www.e-gulfbank.com/en/about-us/executives/executive-management/
182,Islamic Banking,Abdulaziz Abdullah Dakheel Al-Shaya,Chairman,Boubyan Bank,Kuveyt,Orta (başkan),https://www.linkedin.com/search/results/people/?keywords=Abdulaziz%20Al-Shaya%20Boubyan%20Bank,https://www.bankboubyan.com,https://www.bankboubyan.com/en/who-we-are/board-of-directors
183,Islamic Banking,Adel Abdul Wahab Al-Majed,Vice-Chairman & Group CEO,Boubyan Bank,Kuveyt,Yüksek (profesyonel),https://www.linkedin.com/search/results/people/?keywords=Adel%20Al-Majed%20Boubyan%20Bank,https://www.bankboubyan.com,https://www.bankboubyan.com/en/who-we-are/board-of-directors
184,Islamic Banking,Mohamed Ibrahim Ismail,Group CFO,Boubyan Bank,Kuveyt,Yüksek (profesyonel),https://www.linkedin.com/search/results/people/?keywords=Mohamed%20Ibrahim%20Ismail%20Boubyan%20Bank,https://www.bankboubyan.com,https://www.bankboubyan.com/en/who-we-are/executive-management
185,Banking,Fadel Mahmoud Abdullah,Group CEO,Burgan Bank,Kuveyt,Yüksek (profesyonel),https://www.linkedin.com/search/results/people/?keywords=Fadel%20Abdullah%20Burgan%20Bank,https://www.burgan.com,https://www.zawya.com/en/business/banking-and-insurance/fadel-abdullah-appointed-burgan-banks-ceo-kuwait-ujww1dxg
186,Banking,Khalid Fahed Al-Zouman,CFO,Burgan Bank,Kuveyt,Yüksek (profesyonel),https://www.linkedin.com/search/results/people/?keywords=Khalid%20Al-Zouman%20Burgan%20Bank,https://www.burgan.com,https://www.marketscreener.com/quote/stock/BURGAN-BANK-K-P-S-C-6493132/company-governance/
187,Islamic Banking,Shaheen Hamad Al-Ghanem,CEO,Warba Bank,Kuveyt,Yüksek (profesyonel),https://www.linkedin.com/search/results/people/?keywords=Shaheen%20Al-Ghanem%20Warba%20Bank,https://www.warbabank.com,https://www.warbabank.com/english/annual-reports/home/the-corporate-governance-report/the-executive-management
188,Telecom,Nour Nael Ahmed Al-Jassim,Chair of the Board,Zain Group,Kuveyt,Orta (başkan),https://www.linkedin.com/search/results/people/?keywords=Nour%20Al-Jassim%20Zain%20Group,https://www.zain.com,https://www.marketscreener.com/news/zain-group-appoints-nour-nael-ahmed-al-jassim-as-chair-ce7e50ded080f127
189,Telecom,Ossama Matta,Group CFO,Zain Group,Kuveyt,Yüksek (profesyonel),https://www.linkedin.com/search/results/people/?keywords=Ossama%20Matta%20Zain%20Group,https://www.zain.com,https://zain.com/en/press/zain-group-announces-senior-management-changes-and
190,Logistics,Tarek Sultan Al-Essa,Chairman,Agility,Kuveyt,Orta (başkan),https://www.linkedin.com/search/results/people/?keywords=Tarek%20Sultan%20Agility,https://www.agility.com,https://agility.com/about-us/leadership/
191,Logistics,Henadi Al-Saleh,CEO & Board Member,Agility,Kuveyt,Yüksek (profesyonel),https://www.linkedin.com/search/results/people/?keywords=Henadi%20Al-Saleh%20Agility,https://www.agility.com,https://agility.com/about-us/leadership/
192,Logistics,Ehab Aziz,CFO,Agility,Kuveyt,Yüksek (profesyonel),https://www.linkedin.com/search/results/people/?keywords=Ehab%20Aziz%20Agility,https://www.agility.com,https://agility.com/about-us/leadership/
193,Education / Holding,Tareq Fahad Al-Othman,Chairman,Humansoft Holding,Kuveyt,Orta (başkan),https://www.linkedin.com/search/results/people/?keywords=Tareq%20Al-Othman%20Humansoft,https://www.human-soft.com,https://www.human-soft.com/governance/
194,Education / Holding,Prof. Dr. Georges El Yahchouchy,CEO,Humansoft Holding,Kuveyt,Yüksek (profesyonel),https://www.linkedin.com/search/results/people/?keywords=Georges%20El%20Yahchouchy%20Humansoft,https://www.human-soft.com,https://www.human-soft.com/about/
195,FMCG,Muntaser Jassim Al-Wazzan,Chairman,Mezzan Holding,Kuveyt,Orta (başkan),https://www.linkedin.com/search/results/people/?keywords=Muntaser%20Al-Wazzan%20Mezzan%20Holding,https://www.mezzan.com,https://www.mezzan.com/our-company/board-of-directors/
196,FMCG,Amr Farghal,Group CEO,Mezzan Holding,Kuveyt,Yüksek (profesyonel),https://www.linkedin.com/search/results/people/?keywords=Amr%20Farghal%20Mezzan%20Holding,https://www.mezzan.com,https://www.mezzan.com/our-company/board-of-directors/
197,FMCG,Omar Samoud,Group CFO,Mezzan Holding,Kuveyt,Yüksek (profesyonel),https://www.linkedin.com/search/results/people/?keywords=Omar%20Samoud%20Mezzan%20Holding,https://www.mezzan.com,https://www.mezzan.com/our-company/board-of-directors/
198,Investment Holding,Sheikh Hamad Sabah Al-Ahmad Al-Sabah,Chairman,KIPCO,Kuveyt,Düşük (royal/sahip),https://www.linkedin.com/search/results/people/?keywords=Hamad%20Sabah%20Al-Sabah%20KIPCO,https://www.kipco.com,https://kipco.com/about-us/
199,Investment Holding,Sheikha Dana Nasser Sabah Al-Ahmad Al-Sabah,Group CEO,KIPCO,Kuveyt,Yüksek (profesyonel),https://www.linkedin.com/search/results/people/?keywords=Dana%20Al-Sabah%20KIPCO,https://www.kipco.com,https://kipco.com/about-us/
200,Investment Holding,Moustapha Samir Chami,Group CFO,KIPCO,Kuveyt,Yüksek (profesyonel),https://www.linkedin.com/search/results/people/?keywords=Moustapha%20Chami%20KIPCO,https://www.kipco.com,https://kipco.com/about-us/
201,Industrial / Holding,Ahmed Mohammed Hassan,CEO,National Industries Group,Kuveyt,Yüksek (profesyonel),https://www.linkedin.com/search/results/people/?keywords=Ahmed%20Mohammed%20Hassan%20National%20Industries%20Group,https://www.nig.com.kw,https://www.nig.com.kw/AboutNIG/Top_Management
202,Industrial / Holding,Mubasher Hussien Sheikh,CFO,National Industries Group,Kuveyt,Yüksek (profesyonel),https://www.linkedin.com/search/results/people/?keywords=Mubasher%20Sheikh%20National%20Industries%20Group,https://www.nig.com.kw,https://www.nig.com.kw/AboutNIG/Top_Management
